ff,ff,ff,ff,ff,ff,ff,ff,ff,ff,ff,ff,ff,ff,ff,ff,ff,ff,ff,ff,ff,ff,ff,ff,ff,ff,ff,ff,ff,ff,ff,ff,ff,ff,ff,ff,ff,ff,ff,ff,ff,ff,ff,ff,ff,ff,ff,ff,ff,ff,ff,ff,ff,ff,ff,ff,ff,ff,ff,ff,ff,ff,ff,ff,ff,ff,ff,ff,ff,ff,ff,ff,ff,ff,ff,ff,ff,ff,ff,ff,ff,ff,ff,ff,ff,ff,ff,ff,ff,ff,ff,ff,ff,ff,ff,ff,ff,ff,ff,ff,ff,ff,ff,ff,ff,ff,ff,ff,ff,ff,ff,ff,ff,ff,ff,ff,ff,ff,ff,ff,ff,ff,ff,ff,ff,ff,ff,ff,ff,ff,ff
ff,ff,ff,ff,ff,ff,ff,ff,ff,ff,ff,ff,ff,ff,ff,ff,ff,ff,ff,ff,ff,ff,ff,ff,ff,ff,ff,ff,ff,ff,ff,ff,ff,ff,ff,ff,ff,ff,ff,ff,ff,ff,ff,ff,ff,ff,ff,ff,ff,ff,ff,ff,ff,ff,ff,ff,ff,ff,ff,ff,ff,ff,ff,ff,ff,ff,ff,ff,ff,ff,ff,ff,ff,ff,ff,ff,ff,ff,ff,ff,ff,ff,ff,ff,ff,ff,ff,ff,ff,ff,ff,ff,ff,ff,ff,ff,ff,ff,ff,ff,ff,ff,ff,ff,ff,ff,ff,ff,ff,ff,ff,ff,ff,ff,ff,ff,ff,ff,ff,ff,ff,ff,ff,ff,ff,ff,ff,ff,ff,ff,ff
ff,ff,ff,ff,ff,ff,ff,ff,ff,ff,ff,ff,ff,ff,ff,ff,ff,ff,ff,ff,ff,ff,ff,ff,ff,ff,ff,ff,ff,ff,ff,ff,ff,ff,ff,ff,ff,ff,ff,ff,ff,ff,ff,ff,ff,ff,ff,ff,ff,ff,ff,ff,ff,ff,ff,ff,ff,ff,ff,ff,ff,ff,ff,ff,ff,ff,ff,ff,ff,ff,ff,ff,ff,ff,ff,ff,ff,ff,ff,ff,ff,ff,ff,ff,ff,ff,ff,ff,ff,ff,ff,ff,ff,ff,ff,ff,ff,ff,ff,ff,ff,ff,ff,ff,ff,ff,ff,ff,ff,ff,ff,ff,ff,ff,ff,ff,ff,ff,ff,ff,ff,ff,ff,ff,ff,ff,ff,ff,ff,ff,ff
ff,ff,ff,ff,ff,ff,ff,ff,ff,ff,ff,ff,ff,ff,ff,ff,ff,ff,ff,ff,ff,ff,ff,ff,ff,ff,ff,ff,ff,ff,ff,ff,ff,ff,ff,ff,ff,ff,ff,ff,ff,ff,ff,ff,ff,ff,ff,ff,ff,ff,ff,ff,ff,ff,ff,ff,ff,ff,ff,ff,ff,ff,ff,ff,ff,ff,ff,ff,ff,ff,ff,ff,ff,ff,ff,ff,ff,ff,ff,ff,ff,ff,ff,ff,ff,ff,ff,ff,ff,ff,ff,ff,ff,ff,ff,ff,ff,ff,ff,ff,ff,ff,ff,ff,ff,ff,ff,ff,ff,ff,ff,ff,ff,ff,ff,ff,ff,ff,ff,ff,ff,ff,ff,ff,ff,ff,ff,ff,ff,ff,ff
ff,ff,ff,ff,ff,ff,ff,ff,ff,ff,ff,ff,ff,ff,ff,ff,ff,ff,ff,ff,ff,ff,ff,ff,ff,ff,ff,ff,ff,ff,ff,ff,ff,ff,ff,ff,ff,ff,ff,ff,ff,ff,ff,ff,ff,ff,ff,ff,ff,ff,ff,ff,ff,ff,ff,ff,ff,ff,ff,ff,ff,ff,ff,ff,ff,ff,ff,ff,ff,ff,ff,ff,ff,ff,ff,ff,ff,ff,ff,ff,ff,ff,ff,ff,ff,ff,ff,ff,ff,ff,ff,ff,ff,ff,ff,ff,ff,ff,ff,ff,ff,ff,ff,ff,ff,ff,ff,ff,ff,ff,ff,ff,ff,ff,ff,ff,ff,ff,ff,ff,ff,ff,ff,ff,ff,ff,ff,ff,ff,ff,ff
ff,ff,ff,ff,ff,ff,ff,ff,ff,ff,ff,ff,ff,ff,ff,ff,ff,ff,ff,ff,ff,ff,ff,ff,ff,ff,ff,ff,ff,ff,ff,ff,ff,ff,ff,ff,ff,ff,ff,ff,ff,ff,ff,ff,ff,ff,ff,ff,ff,ff,ff,ff,ff,ff,ff,ff,ff,ff,ff,ff,ff,ff,ff,ff,ff,ff,ff,ff,ff,ff,ff,ff,ff,ff,ff,ff,ff,ff,ff,ff,ff,ff,ff,ff,ff,ff,ff,ff,ff,ff,ff,ff,ff,ff,ff,ff,ff,ff,ff,ff,ff,ff,ff,ff,ff,ff,ff,ff,ff,ff,ff,ff,ff,ff,ff,ff,ff,ff,ff,ff,ff,ff,ff,ff,ff,ff,ff,ff,ff,ff,ff
ff,ff,ff,ff,ff,ff,ff,ff,ff,ff,ff,ff,ff,ff,ff,ff,ff,ff,ff,ff,ff,ff,ff,ff,ff,ff,ff,ff,ff,ff,ff,ff,ff,ff,ff,ff,ff,ff,ff,ff,ff,ff,ff,ff,ff,ff,ff,ff,ff,ff,ff,ff,ff,ff,ff,ff,ff,ff,ff,ff,ff,ff,ff,ff,ff,ff,ff,ff,ff,ff,ff,ff,ff,ff,ff,ff,ff,ff,ff,ff,ff,ff,ff,ff,ff,ff,ff,ff,ff,ff,ff,ff,ff,ff,ff,ff,ff,ff,ff,ff,ff,ff,ff,ff,ff,ff,ff,ff,ff,ff,ff,ff,ff,ff,ff,ff,ff,ff,ff,ff,ff,ff,ff,ff,ff,ff,ff,ff,ff,ff,ff
ff,ff,ff,ff,ff,ff,ff,ff,ff,ff,ff,ff,ff,ff,ff,ff,ff,ff,ff,ff,ff,ff,ff,ff,ff,ff,ff,ff,ff,ff,ff,ff,ff,ff,ff,ff,ff,ff,ff,ff,ff,ff,ff,ff,ff,ff,ff,ff,ff,ff,ff,ff,ff,ff,ff,ff,ff,ff,ff,ff,ff,ff,ff,ff,ff,ff,ff,ff,ff,ff,ff,ff,ff,ff,ff,ff,ff,ff,ff,ff,ff,ff,ff,ff,ff,ff,ff,ff,ff,ff,ff,ff,ff,ff,ff,ff,ff,ff,ff,ff,ff,ff,ff,ff,ff,ff,ff,ff,ff,ff,ff,ff,ff,ff,ff,ff,ff,ff,ff,ff,ff,ff,ff,ff,ff,ff,ff,ff,ff,ff,ff
ff,ff,ff,ff,ff,ff,ff,ff,ff,ff,ff,ff,ff,ff,ff,ff,ff,ff,ff,ff,ff,ff,ff,ff,ff,ff,ff,ff,ff,ff,ff,ff,ff,ff,ff,ff,ff,ff,ff,ff,ff,ff,ff,ff,ff,ff,ff,ff,ff,ff,ff,ff,ff,ff,ff,ff,ff,ff,ff,ff,ff,ff,ff,ff,ff,ff,ff,ff,ff,ff,ff,ff,ff,ff,ff,ff,ff,ff,ff,ff,ff,ff,ff,ff,ff,ff,ff,ff,ff,ff,ff,ff,ff,ff,ff,ff,ff,ff,ff,ff,ff,ff,ff,ff,ff,ff,ff,ff,ff,ff,ff,ff,ff,ff,ff,ff,ff,ff,ff,ff,ff,ff,ff,ff,ff,ff,ff,ff,ff,ff,ff
ff,ff,ff,ff,ff,ff,ff,ff,ff,ff,ff,ff,ff,ff,ff,ff,ff,ff,ff,ff,ff,ff,ff,ff,ff,ff,ff,ff,ff,ff,ff,ff,ff,ff,ff,ff,ff,ff,ff,ff,ff,ff,ff,ff,ff,ff,ff,ff,ff,ff,ff,ff,ff,ff,ff,ff,ff,ff,ff,ff,ff,ff,ff,ff,ff,ff,ff,ff,ff,ff,ff,ff,ff,ff,ff,ff,ff,ff,ff,ff,ff,ff,ff,ff,ff,ff,ff,ff,ff,ff,ff,ff,ff,ff,ff,ff,ff,ff,ff,ff,ff,ff,ff,ff,ff,ff,ff,ff,ff,ff,ff,ff,ff,ff,ff,ff,ff,ff,ff,ff,ff,ff,ff,ff,ff,ff,ff,ff,ff,ff,ff
ff,ff,ff,ff,ff,ff,ff,ff,ff,ff,ff,ff,ff,ff,ff,ff,ff,ff,ff,ff,ff,ff,ff,ff,ff,ff,ff,ff,ff,ff,ff,ff,ff,ff,ff,ff,ff,ff,ff,ff,ff,ff,ff,ff,ff,ff,ff,ff,ff,ff,ff,ff,ff,ff,ff,ff,ff,ff,ff,ff,ff,ff,ff,ff,ff,ff,ff,ff,ff,ff,ff,ff,ff,ff,ff,ff,ff,ff,ff,ff,ff,ff,ff,ff,ff,ff,ff,ff,ff,ff,ff,ff,ff,ff,ff,ff,ff,ff,ff,ff,ff,ff,ff,ff,ff,ff,ff,ff,ff,ff,ff,ff,ff,ff,ff,ff,ff,ff,ff,ff,ff,ff,ff,ff,ff,ff,ff,ff,ff,ff,ff
ff,ff,ff,ff,ff,ff,ff,ff,ff,ff,ff,ff,ff,ff,ff,ff,ff,ff,ff,ff,ff,ff,ff,ff,ff,ff,ff,ff,ff,ff,ff,ff,ff,ff,ff,ff,ff,ff,ff,ff,ff,ff,ff,ff,ff,ff,ff,ff,ff,ff,ff,ff,ff,ff,ff,ff,ff,ff,ff,ff,ff,ff,ff,ff,ff,ff,ff,ff,ff,ff,ff,ff,ff,ff,ff,ff,ff,ff,ff,ff,ff,ff,ff,ff,ff,ff,ff,ff,ff,ff,ff,ff,ff,ff,ff,ff,ff,ff,ff,ff,ff,ff,ff,ff,ff,ff,ff,ff,ff,ff,ff,ff,ff,ff,ff,ff,ff,ff,ff,ff,ff,ff,ff,ff,ff,ff,ff,ff,ff,ff,ff
ff,ff,ff,ff,ff,ff,ff,ff,ff,ff,ff,ff,ff,ff,ff,ff,ff,ff,ff,ff,ff,ff,ff,ff,ff,ff,ff,ff,ff,ff,ff,ff,ff,ff,ff,ff,ff,ff,ff,ff,ff,ff,ff,ff,ff,ff,ff,ff,ff,ff,ff,ff,ff,ff,ff,ff,ff,ff,ff,ff,ff,ff,ff,ff,ff,ff,ff,ff,ff,ff,ff,ff,ff,ff,ff,ff,ff,ff,ff,ff,ff,ff,ff,ff,ff,ff,ff,ff,ff,ff,ff,ff,ff,ff,ff,ff,ff,ff,ff,ff,ff,ff,ff,ff,ff,ff,ff,ff,ff,ff,ff,ff,ff,ff,ff,ff,ff,ff,ff,ff,ff,ff,ff,ff,ff,ff,ff,ff,ff,ff,ff
ff,ff,ff,ff,ff,ff,ff,ff,ff,ff,ff,ff,ff,ff,ff,ff,ff,ff,ff,ff,ff,ff,ff,ff,ff,ff,ff,ff,ff,ff,ff,ff,ff,ff,ff,ff,ff,ff,ff,ff,ff,ff,ff,ff,ff,ff,ff,ff,ff,ff,ff,ff,ff,ff,ff,ff,ff,ff,ff,ff,ff,ff,ff,ff,ff,ff,ff,ff,ff,ff,ff,ff,ff,ff,ff,ff,ff,ff,ff,ff,ff,ff,ff,ff,ff,ff,ff,ff,ff,ff,ff,ff,ff,ff,ff,ff,ff,ff,ff,ff,ff,ff,ff,ff,ff,ff,ff,ff,ff,ff,ff,ff,ff,ff,ff,ff,ff,ff,ff,ff,ff,ff,ff,ff,ff,ff,ff,ff,ff,ff,ff
ff,ff,ff,ff,ff,ff,ff,ff,ff,ff,ff,ff,ff,ff,ff,ff,ff,ff,ff,ff,ff,ff,ff,ff,ff,ff,ff,ff,ff,ff,ff,ff,ff,ff,ff,ff,ff,ff,ff,ff,ff,ff,ff,ff,ff,ff,ff,ff,ff,ff,ff,ff,ff,ff,ff,ff,ff,ff,ff,ff,ff,ff,ff,ff,ff,ff,ff,ff,ff,ff,ff,ff,ff,ff,ff,ff,ff,ff,ff,ff,ff,ff,ff,ff,ff,ff,ff,ff,ff,ff,ff,ff,ff,ff,ff,ff,ff,ff,ff,ff,ff,ff,ff,ff,ff,ff,ff,ff,ff,ff,ff,ff,ff,ff,ff,ff,ff,ff,ff,ff,ff,ff,ff,ff,ff,ff,ff,ff,ff,ff,ff
ff,ff,ff,ff,ff,ff,ff,ff,ff,ff,ff,ff,ff,ff,ff,ff,ff,ff,ff,ff,ff,ff,ff,ff,ff,ff,ff,ff,ff,ff,ff,ff,ff,ff,ff,ff,ff,ff,ff,ff,ff,ff,ff,ff,ff,ff,ff,ff,ff,ff,ff,ff,ff,ff,ff,ff,ff,ff,ff,ff,ff,ff,ff,ff,ff,ff,ff,ff,ff,ff,ff,ff,ff,ff,ff,ff,ff,ff,ff,ff,ff,ff,ff,ff,ff,ff,ff,ff,ff,ff,ff,ff,ff,ff,ff,ff,ff,ff,ff,ff,ff,ff,ff,ff,ff,ff,ff,ff,ff,ff,ff,ff,ff,ff,ff,ff,ff,ff,ff,ff,ff,ff,ff,ff,ff,ff,ff,ff,ff,ff,ff
ff,ff,ff,ff,ff,ff,ff,ff,ff,ff,ff,ff,ff,ff,ff,ff,ff,ff,ff,ff,ff,ff,ff,ff,ff,ff,ff,ff,ff,ff,ff,ff,ff,ff,ff,ff,ff,ff,ff,ff,ff,ff,ff,ff,ff,ff,ff,ff,ff,ff,ff,ff,ff,ff,ff,ff,ff,ff,ff,ff,ff,ff,ff,ff,ff,ff,ff,ff,ff,ff,ff,ff,ff,ff,ff,ff,ff,ff,ff,ff,ff,ff,ff,ff,ff,ff,ff,ff,ff,ff,ff,ff,ff,ff,ff,ff,ff,ff,ff,ff,ff,ff,ff,ff,ff,ff,ff,ff,ff,ff,ff,ff,ff,ff,ff,ff,ff,ff,ff,ff,ff,ff,ff,ff,ff,ff,ff,ff,ff,ff,ff
ff,ff,ff,ff,ff,ff,ff,ff,ff,ff,ff,ff,ff,ff,ff,ff,ff,ff,ff,ff,ff,ff,ff,ff,ff,ff,ff,ff,ff,ff,ff,ff,ff,ff,ff,ff,ff,ff,ff,ff,ff,ff,ff,ff,ff,ff,ff,ff,ff,ff,ff,ff,ff,ff,ff,ff,ff,ff,ff,ff,ff,ff,ff,ff,ff,ff,ff,ff,ff,ff,ff,ff,ff,ff,ff,ff,ff,ff,ff,ff,ff,ff,ff,ff,ff,ff,ff,ff,ff,ff,ff,ff,ff,ff,ff,ff,ff,ff,ff,ff,ff,ff,ff,ff,ff,ff,ff,ff,ff,ff,ff,ff,fe,ff,ff,ff,ff,ff,ff,ff,ff,ff,ff,ff,ff,ff,ff,ff,ff,ff,ff
ff,ff,ff,ff,ff,ff,ff,ff,ff,ff,ff,ff,ff,ff,ff,ff,ff,ff,ff,ff,ff,ff,ff,ff,ff,ff,ff,ff,ff,ff,ff,ff,ff,ff,ff,ff,ff,ff,ff,ff,ff,ff,ff,ff,ff,ff,ff,ff,ff,ff,ff,ff,ff,ff,ff,ff,ff,ff,ff,ff,ff,ff,ff,ff,ff,ff,ff,ff,ff,ff,ff,ff,ff,ff,ff,ff,ff,ff,ff,ff,ff,ff,ff,ff,ff,ff,ff,ff,ff,ff,ff,ff,ff,ff,ff,ff,ff,ff,ff,ff,ff,ff,ff,ff,ff,ff,ff,ff,ff,ff,ff,fd,fc,fd,ff,ff,ff,ff,ff,ff,ff,ff,ff,ff,ff,ff,ff,ff,ff,ff,ff
ff,ff,ff,ff,ff,ff,ff,ff,ff,ff,ff,ff,ff,ff,ff,ff,ff,ff,ff,ff,ff,ff,ff,ff,ff,ff,ff,ff,ff,ff,ff,ff,ff,ff,ff,ff,ff,ff,ff,ff,ff,ff,ff,ff,ff,ff,ff,ff,ff,ff,ff,ff,ff,ff,ff,ff,ff,ff,ff,ff,ff,ff,ff,ff,ff,ff,ff,ff,ff,ff,ff,ff,ff,ff,ff,ff,ff,ff,ff,ff,ff,ff,ff,ff,ff,ff,ff,ff,ff,ff,ff,ff,ff,ff,ff,ff,ff,ff,ff,ff,ff,ff,ff,ff,ff,ff,ff,ff,ff,ff,ff,fe,fe,fe,ff,ff,ff,ff,ff,ff,ff,ff,ff,ff,ff,ff,ff,ff,ff,ff,ff
ff,ff,ff,ff,ff,ff,ff,ff,ff,ff,ff,ff,ff,ff,ff,ff,ff,ff,ff,ff,ff,ff,ff,ff,ff,ff,ff,ff,ff,ff,ff,ff,ff,ff,ff,ff,ff,ff,ff,ff,ff,ff,ff,ff,ff,ff,ff,ff,ff,ff,ff,ff,ff,ff,ff,ff,ff,ff,ff,ff,ff,ff,ff,ff,ff,ff,ff,ff,ff,ff,ff,ff,ff,ff,ff,ff,ff,ff,ff,ff,ff,ff,ff,ff,ff,ff,ff,ff,ff,ff,ff,ff,ff,ff,ff,ff,ff,ff,ff,ff,ff,ff,ff,ff,ff,ff,ff,ff,ff,ff,ff,ff,ff,fe,fd,fe,ff,ff,ff,ff,ff,ff,ff,ff,ff,ff,ff,ff,ff,ff,ff
ff,ff,ff,ff,ff,ff,ff,ff,ff,ff,ff,ff,ff,ff,ff,ff,ff,ff,ff,ff,ff,ff,ff,ff,ff,ff,ff,ff,ff,ff,ff,ff,ff,ff,ff,ff,ff,ff,ff,ff,ff,ff,ff,ff,ff,ff,ff,ff,ff,ff,ff,ff,ff,ff,ff,ff,ff,ff,ff,ff,ff,ff,ff,ff,ff,ff,ff,ff,ff,ff,ff,ff,ff,ff,ff,ff,ff,ff,ff,ff,ff,ff,ff,ff,ff,ff,ff,ff,ff,ff,ff,ff,ff,ff,ff,ff,ff,ff,ff,ff,ff,ff,ff,ff,ff,ff,ff,ff,fc,ee,de,ec,fc,ff,fd,f9,fe,ff,ff,ff,ff,ff,ff,ff,ff,ff,ff,ff,ff,ff,ff
ff,ff,ff,ff,ff,ff,ff,ff,ff,ff,ff,ff,ff,ff,ff,ff,ff,ff,ff,ff,ff,ff,ff,ff,ff,ff,ff,ff,ff,ff,ff,ff,ff,ff,ff,ff,ff,ff,ff,ff,ff,ff,ff,ff,ff,ff,ff,ff,ff,ff,ff,ff,ff,ff,ff,ff,ff,ff,ff,ff,ff,ff,ff,ff,ff,ff,ff,ff,ff,ff,ff,ff,ff,ff,ff,ff,ff,ff,ff,ff,ff,ff,ff,ff,ff,ff,ff,ff,ff,ff,ff,ff,ff,ff,ff,ff,ff,ff,ff,ff,ff,ff,ff,ff,ff,ff,ff,ff,f8,d1,9d,ad,e1,ff,fe,f9,fe,ff,ff,ff,ff,ff,ff,ff,ff,ff,ff,ff,ff,ff,ff
ff,ff,ff,ff,ff,ff,ff,ff,ff,ff,ff,ff,ff,ff,ff,ff,ff,ff,ff,ff,ff,ff,ff,ff,ff,ff,ff,ff,ff,ff,ff,ff,ff,ff,ff,ff,ff,ff,ff,ff,ff,ff,ff,ff,ff,ff,ff,ff,ff,ff,ff,ff,ff,ff,ff,ff,ff,ff,ff,ff,ff,ff,ff,ff,ff,ff,ff,ff,ff,ff,ff,ff,ff,ff,ff,ff,ff,ff,ff,ff,ff,ff,ff,ff,ff,ff,ff,ff,ff,ff,ff,ff,ff,ff,ff,ff,ff,ff,ff,ff,ff,ff,ff,ff,ff,ff,ff,ff,f7,c5,67,57,a4,ef,ff,ff,ff,ff,ff,ff,ff,ff,ff,ff,ff,ff,ff,ff,ff,ff,ff
ff,ff,ff,ff,ff,ff,ff,ff,ff,ff,ff,ff,ff,ff,ff,ff,ff,ff,ff,ff,ff,ff,ff,ff,ff,ff,ff,ff,ff,ff,ff,ff,ff,ff,ff,ff,ff,ff,ff,ff,ff,ff,ff,ff,ff,ff,ff,ff,ff,ff,ff,ff,ff,ff,ff,ff,ff,ff,ff,ff,ff,ff,ff,ff,ff,ff,ff,ff,ff,ff,ff,ff,ff,ff,ff,ff,ff,ff,ff,ff,ff,ff,ff,ff,ff,ff,ff,ff,ff,ff,ff,ff,ff,ff,ff,ff,ff,ff,ff,ff,ff,ff,ff,ff,ff,ff,ff,ff,fe,e4,71,22,4f,bb,ff,ff,ff,ff,ff,ff,ff,ff,ff,ff,ff,ff,ff,ff,ff,ff,ff
ff,ff,ff,ff,ff,ff,ff,ff,ff,ff,ff,ff,ff,ff,ff,ff,ff,ff,ff,ff,ff,ff,ff,ff,ff,ff,ff,ff,ff,ff,ff,ff,ff,ff,ff,ff,ff,ff,ff,ff,ff,ff,ff,ff,ff,ff,ff,ff,ff,ff,ff,ff,ff,ff,ff,ff,ff,ff,ff,ff,ff,ff,ff,ff,ff,ff,ff,ff,ff,ff,ff,ff,ff,ff,ff,ff,ff,ff,ff,ff,ff,ff,ff,ff,ff,ff,ff,ff,ff,ff,ff,ff,ff,ff,ff,ff,ff,ff,ff,ff,ff,ff,ff,ff,ff,ff,ff,ff,ff,f8,a4,16,11,7e,ef,ff,ff,ff,ff,ff,ff,ff,ff,ff,ff,ff,ff,ff,ff,ff,ff
ff,ff,ff,ff,ff,ff,ff,ff,ff,ff,ff,fe,fd,ff,ff,fd,fa,ff,ff,ff,ff,ff,f8,f0,ec,ea,eb,f2,ff,ff,fe,fe,ff,fe,ff,ff,ff,ff,ff,ff,ff,ff,ff,ff,ff,ff,ff,ff,ff,ff,ff,ff,ff,ff,ff,ff,ff,ff,ff,ff,ff,ff,ff,ff,ff,ff,ff,ff,ff,ff,fd,fd,ff,ff,ff,ff,ff,ff,ff,ff,ff,ff,ff,ff,ff,ff,ff,ff,ff,ff,ff,ff,ff,ff,ff,ff,ff,ff,ff,ff,ff,ff,ff,ff,ff,ff,ff,fd,fc,fe,de,61,11,34,ac,ff,ff,ff,ff,ff,ff,ff,ff,ff,ff,ff,ff,ff,ff,ff,ff
ff,ff,ff,ff,ff,ff,ff,ff,ff,ff,ff,fe,fd,ff,ff,fd,fb,ff,ff,f6,d5,b3,9f,89,7e,79,79,80,90,a1,c7,f2,ff,ff,ff,ff,ff,ff,fd,fc,ff,ff,ff,ff,ff,ff,ff,ff,ff,ff,ff,ff,ff,ff,ff,ff,ff,ff,ff,ff,ff,ff,ff,ff,ff,ff,ff,ff,ff,ff,fe,ff,f9,ef,e9,f3,fe,ff,ff,ff,ff,ff,ff,ff,ff,ff,ff,ff,ff,ff,ff,ff,ff,ff,ff,ff,ff,ff,ff,ff,ff,ff,ff,ff,ff,ff,ff,fd,fc,ff,fd,9a,21,09,72,f7,ff,fa,fa,fd,ff,ff,ff,ff,ff,ff,ff,ff,ff,ff,ff
ff,ff,ff,ff,ff,ff,ff,ff,ff,ff,ff,ff,ff,ff,fe,ff,ff,ff,f1,ce,7e,3e,2b,15,0b,0b,0c,0d,0e,13,5c,b1,eb,ff,ff,ff,ff,ff,fc,fa,ff,ff,ff,ff,ff,ff,ff,ff,ff,ff,ff,ff,ff,ff,ff,ff,ff,ff,ff,ff,ff,ff,ff,ff,ff,ff,ff,ff,ff,fd,fe,ff,e9,bc,a1,c2,f4,ff,ff,ff,ff,ff,ff,ff,ff,ff,ff,ff,ff,ff,ff,ff,ff,ff,ff,ff,ff,ff,ff,ff,ff,ff,ff,ff,ff,ff,ff,ff,ff,ff,ff,bc,3f,03,4a,d6,fd,f9,f7,fd,ff,ff,ff,ff,ff,ff,ff,ff,ff,ff,ff
ff,ff,ff,ff,ff,ff,ff,ff,ff,ff,ff,ff,ff,fe,fd,fe,ff,fb,c5,87,32,00,00,04,11,25,2e,29,1d,14,00,38,99,e7,ff,ff,ff,ff,ff,ff,ff,ff,ff,ff,ff,ff,ff,ff,ff,ff,ff,ff,ff,ff,ff,ff,ff,ff,ff,ff,ff,ff,ff,ff,ff,ff,ff,ff,fe,f7,fb,ff,d7,84,45,77,dd,fe,ff,ff,ff,ff,ff,ff,ff,ff,ff,ff,ff,ff,ff,ff,ff,ff,ff,ff,ff,ff,ff,ff,ff,ff,ff,ff,ff,ff,ff,ff,ff,ff,ff,ec,76,10,22,aa,f9,ff,ff,ff,ff,ff,ff,ff,ff,ff,ff,ff,ff,ff,ff
ff,ff,ff,ff,ff,ff,ff,ff,ff,ff,ff,ff,ff,fd,fe,ff,fd,e3,89,38,09,04,23,53,8b,b6,c6,be,a9,97,28,04,28,82,ec,fe,ff,ff,ff,ff,ff,ff,ff,ff,ff,ff,ff,ff,ff,ff,ff,ff,ff,ff,ff,ff,ff,ff,ff,ff,ff,ff,ff,ff,ff,ff,ff,ff,ff,ff,fd,ff,e4,87,26,4b,cb,fb,ff,ff,ff,ff,ff,ff,ff,ff,ff,ff,ff,ff,ff,ff,ff,ff,ff,ff,ff,ff,ff,ff,ff,ff,ff,ff,ff,ff,ff,ff,fe,f9,ff,ff,ab,2f,0b,7e,f6,ff,ff,ff,ff,ff,ff,ff,ff,ff,ff,ff,ff,ff,ff
ff,ff,ff,ff,ff,ff,ff,ff,ff,ff,ff,ff,ff,ff,ff,ff,f5,b5,4b,0a,0f,35,60,9f,de,f6,fa,f8,f4,ed,c2,61,17,28,9c,ff,ff,f8,f9,ff,ff,ff,ff,ff,ff,ff,ff,ff,ff,ff,ff,ff,ff,ff,ff,ff,ff,ff,ff,ff,ff,ff,ff,ff,ff,ff,ff,ff,ff,ff,fe,ff,fc,ba,4d,4f,c0,f7,ff,ff,ff,ff,ff,ff,ff,ff,ff,ff,ff,ff,ff,ff,ff,ff,ff,ff,ff,ff,ff,ff,ff,ff,ff,ff,ff,ff,ff,ff,fe,fa,ff,ff,cd,58,06,4d,c4,fc,ff,ff,ff,ff,ff,ff,ff,ff,ff,ff,ff,ff,ff
ff,ff,ff,ff,ff,ff,ff,ff,ff,ff,ff,ff,ff,ff,ff,ff,e5,7f,1e,01,45,8e,aa,d6,fb,ff,ff,ff,ff,ff,ff,c1,56,13,45,cd,fa,ff,f9,f9,ff,ff,ff,ff,ff,ff,ff,ff,ff,ff,ff,ff,ff,ff,ff,ff,ff,ff,ff,ff,ff,ff,ff,ff,ff,ff,ff,ff,ff,ff,f8,fd,ff,e4,9d,82,cc,f7,ff,ff,ff,ff,ff,ff,ff,ff,ff,ff,ff,ff,ff,ff,ff,ff,ff,ff,ff,ff,ff,ff,ff,ff,ff,ff,ff,ff,ff,ff,fe,f9,f9,ff,d8,66,02,17,6c,c0,df,e0,e5,e9,ed,f1,f9,ff,ff,ff,ff,ff,ff
ff,ff,ff,ff,ff,ff,ff,ff,ff,ff,ff,ff,ff,ff,ff,fd,cc,4d,09,28,94,e2,e7,f5,ff,ff,ff,ff,ff,ff,ff,fa,a8,37,15,8a,ee,ff,fb,f6,ff,ff,ff,ff,ff,ff,ff,ff,ff,ff,ff,ff,ff,ff,ff,ff,ff,ff,ff,ff,ff,ff,ff,ff,ff,ff,ff,ff,ff,ff,f9,fd,ff,fa,e3,c9,e9,fc,ff,ff,ff,ff,ff,ff,ff,ff,ff,ff,ff,ff,ff,ff,ff,ff,ff,ff,ff,ff,ff,ff,ff,ff,ff,ff,ff,ff,ff,ff,fa,df,c1,c7,a5,50,00,00,1f,4c,63,6e,79,82,8f,9f,ba,d8,ef,ff,ff,ff,ff
ff,ff,ff,ff,ff,ff,ff,ff,ff,ff,ff,ff,ff,ff,ff,f6,b1,27,08,6b,d6,ff,ff,ff,ff,ff,ff,ff,ff,ff,fd,ff,dd,70,13,61,e3,ff,fd,fa,ff,ff,ff,ff,ff,ff,ff,ff,ff,ff,ff,ff,ff,ff,ff,ff,ff,ff,ff,ff,ff,ff,ff,ff,ff,ff,ff,ff,ff,ff,ff,ff,fe,ff,ff,fc,ff,ff,ff,ff,ff,ff,ff,ff,ff,ff,ff,ff,ff,ff,ff,ff,ff,ff,ff,ff,ff,ff,ff,ff,ff,ff,ff,ff,ff,ff,ff,ff,f0,b2,68,53,4a,28,00,01,00,00,07,16,23,2b,39,52,7d,af,dd,fe,ff,ff,ff
ff,ff,ff,ff,ff,ff,ff,ff,ff,ff,ff,ff,ff,ff,ff,f0,9e,13,0e,a0,f0,fe,ff,ff,ff,ff,ff,ff,ff,ff,f7,ff,ed,98,27,5a,db,ff,ff,fe,ff,ff,ff,ff,ff,ff,ff,ff,ff,ff,ff,ff,ff,ff,ff,ff,ff,ff,ff,ff,ff,ff,ff,ff,ff,ff,ff,ff,ff,ff,ff,ff,fd,fd,ff,ff,ff,ff,ff,ff,ff,ff,ff,ff,ff,ff,ff,ff,ff,ff,ff,ff,ff,ff,ff,ff,ff,ff,ff,ff,ff,ff,ff,ff,ff,ff,ff,ff,e7,9f,3c,13,1b,23,15,06,0a,3f,60,6d,73,73,75,83,a3,d0,f6,ff,ff,ff,ff
ff,ff,ff,ff,ff,ff,ff,ff,ff,ff,ff,ff,ff,ff,ff,e1,7b,05,15,9f,f1,ff,ff,ff,fb,fe,ff,ff,ff,ff,f0,fc,f6,a7,2c,57,e1,ff,ff,ff,ff,ff,ff,ff,ff,ff,ff,ff,fd,fd,ff,ff,ff,ff,ff,ff,ff,ff,ff,ff,ff,ff,ff,ff,ff,ff,ff,ff,ff,ff,ff,ff,ff,ff,ff,ff,ff,ff,ff,ff,ff,ff,ff,ff,ff,ff,ff,ff,ff,ff,ff,ff,ff,ff,ff,ff,ff,fe,fb,fe,ff,ff,ff,ff,ff,ff,ff,ff,fa,de,a2,6c,80,9c,70,00,1b,a5,f0,f9,f7,f7,f7,f8,f9,fc,fe,ff,ff,ff,ff
ff,ff,ff,ff,ff,ff,ff,ff,ff,ff,ff,ff,ff,ff,ff,d8,66,00,16,8f,ea,ff,ff,ff,fe,ff,ff,ff,ff,ff,fc,ff,e5,8c,2a,5d,df,ff,ff,ff,fe,ff,ff,ff,fe,fe,ff,ff,fe,ff,ff,ff,ff,ff,ff,ff,ff,ff,ff,ff,ff,ff,ff,ff,ff,ff,ff,ff,ff,ff,ff,ff,ff,ff,ff,ff,ff,fe,fe,ff,ff,ff,ff,ff,fe,fc,fc,ff,ff,ff,ff,ff,ff,ff,ff,ff,ff,ff,fe,ff,ff,ff,ff,ff,ff,ff,ff,ff,ff,fb,ef,c9,d8,e3,9e,0b,17,ac,fd,ff,ff,ff,ff,ff,ff,ff,ff,ff,ff,ff,ff
ff,ff,ff,ff,ff,ff,ff,ff,ff,ff,ff,ff,ff,ff,ff,ce,53,00,21,84,cf,e6,e5,ff,ff,ff,ff,ff,ff,ff,ff,e9,a8,58,29,72,e5,ff,ff,ff,ff,ff,ff,ff,fe,fe,fe,ff,ff,ff,ff,ff,ff,ff,ff,ff,ff,ff,ff,ff,ff,ff,ff,ff,ff,ff,ff,ff,ff,ff,ff,ff,ff,ff,ff,ff,ff,fe,fe,ff,ff,ff,ff,ff,fe,fe,ff,ff,ff,ff,ff,ff,ff,ff,ff,ff,ff,ff,ff,ff,ff,ff,ff,ff,ff,ff,ff,fe,fe,ff,ff,f7,fe,fa,b2,14,04,98,f3,ff,ff,ff,ff,ff,ff,ff,ff,ff,ff,ff,ff
ff,ff,ff,ff,ff,ff,ff,ff,ff,ff,ff,ff,ff,ff,ff,c6,41,01,34,89,a0,92,a2,f2,fe,ff,ff,ff,ff,ff,fc,b7,64,35,45,a3,f2,ff,ff,ff,ff,ff,ff,ff,ff,ff,fe,fe,ff,ff,ff,ff,ff,ff,ff,ff,ff,ff,ff,ff,ff,ff,ff,ff,ff,ff,ff,ff,ff,ff,ff,ff,ff,ff,ff,ff,ff,ff,ff,ff,ff,ff,fc,fe,ff,ff,f4,df,db,e0,eb,f9,ff,ff,ff,ff,ff,ff,f9,f8,fd,ff,ff,ff,ff,ff,ff,fe,fe,ff,ff,ff,ff,fa,b7,1c,00,7a,e3,ff,ff,ff,ff,ff,ff,ff,ff,ff,ff,ff,ff
ff,ff,ff,ff,ff,ff,ff,ff,ff,ff,ff,ff,ff,ff,ff,c1,39,04,42,95,70,33,54,ce,fb,ff,ff,ff,ff,f7,c9,78,3c,3f,84,e0,fc,ff,ff,ff,ff,fe,fe,fe,ff,ff,ff,fe,ff,ff,ff,ff,ff,ff,ff,ff,ff,ff,ff,ff,ff,ff,ff,ff,ff,ff,ff,ff,ff,ff,ff,ff,ff,ff,ff,ff,ff,ff,ff,ff,ff,ff,f9,fc,fc,ea,ba,7c,6d,77,97,c7,fa,ff,ff,ff,ff,f3,c8,c1,cf,e8,fb,ff,ff,ff,ff,ff,ff,ff,ff,ff,ff,f6,b2,27,00,52,c7,ff,ff,ff,ff,ff,ff,ff,ff,ff,ff,ff,ff
ff,ff,ff,ff,ff,ff,ff,ff,ff,ff,ff,ff,ff,ff,ff,c2,39,03,3e,93,5b,08,28,b7,f9,ff,ff,ff,f4,c9,66,35,3a,74,cc,fe,ff,ff,ff,ff,ff,fa,f7,f9,fd,ff,ff,ff,ff,ff,ff,ff,ff,ff,ff,ff,ff,ff,ff,ff,ff,ff,ff,ff,ff,ff,ff,ff,ff,ff,ff,ff,ff,fe,fd,fd,fe,ff,ff,ff,ff,ff,ff,f4,d1,96,52,1f,0c,03,16,5c,d3,fc,ff,ff,fc,d2,60,4a,55,8a,d2,ff,ff,ff,ff,ff,ff,ff,ff,ff,ff,ed,a2,31,0a,2c,9e,f8,ff,fe,ff,ff,ff,ff,ff,ff,ff,ff,ff
ff,ff,ff,ff,ff,ff,ff,ff,ff,ff,ff,ff,ff,ff,ff,c9,47,00,27,80,5a,0c,24,c1,fa,ff,ff,ed,ab,6b,27,36,76,c4,fe,ff,ff,ff,ff,ff,ff,ff,fe,fd,fc,fd,ff,ff,ff,ff,ff,ff,ff,ff,ff,ff,ff,ff,ff,ff,ff,ff,ff,ff,ff,ff,ff,ff,ff,ff,ff,ff,fc,e3,bd,ba,e6,fc,ff,ff,ff,ff,f4,b9,6a,34,37,5d,4f,1c,00,1e,a7,f8,ff,ff,f1,ab,37,18,0a,25,6c,c5,ff,ff,ff,ff,ff,ff,ff,ff,f4,c5,7d,42,39,23,72,db,ff,fc,ff,ff,ff,ff,ff,ff,ff,ff,ff
ff,ff,ff,ff,ff,ff,ff,ff,ff,ff,ff,ff,ff,ff,ff,d6,65,05,10,6c,60,19,1a,b2,f6,f3,d9,ad,6d,41,57,8e,ca,f8,ff,ff,ed,ee,fb,ff,f6,ff,ff,ff,fd,fa,fd,ff,ff,ff,ff,ff,ff,ff,ff,ff,ff,ff,ff,ff,ff,ff,ff,ff,ff,ff,ff,ff,ff,ff,ff,ff,f6,c0,68,45,8a,e4,ff,ff,fe,f1,b5,64,2f,38,80,d1,cc,78,1b,16,9c,f7,ff,ff,e2,85,3a,4f,53,46,4d,89,df,fc,ff,fd,ff,ff,ff,ff,cc,88,64,70,96,3e,4c,b3,ff,fe,ff,ff,ff,ff,ff,ff,ff,ff,ff
ff,ff,ff,ff,ff,ff,ff,ff,ff,ff,ff,ff,ff,ff,ff,e3,83,0c,02,66,70,2b,0e,7f,b3,9d,78,5e,54,64,a7,e4,f8,e4,c2,aa,94,94,96,a6,e1,f9,ff,ff,ff,fe,ff,ff,ff,ff,ff,ff,ff,ff,ff,ff,ff,ff,ff,ff,ff,ff,ff,ff,ff,ff,ff,ff,ff,ff,ff,ff,ff,c4,48,01,32,9e,ec,ff,fc,d2,6a,26,35,86,dc,ff,ff,ad,32,13,9b,f6,ff,ff,d7,62,1a,90,c5,b1,84,7f,d1,fa,ff,fd,ff,ff,fa,f2,a0,52,50,9c,e7,5d,31,8e,ff,ff,ff,ff,ff,ff,ff,ff,ff,ff,ff
ff,ff,ff,ff,ff,ff,ff,ff,ff,ff,ff,ff,ff,ff,ff,f1,aa,31,01,43,58,2a,03,43,5e,4f,50,69,8e,ba,df,df,bb,83,51,37,2e,2e,24,34,8f,bf,f0,fa,e9,d9,d8,d9,e7,f8,ff,fd,ff,ff,ff,ff,ff,ff,ff,ff,ff,ff,ff,ff,fc,fe,ff,ff,ff,ff,ff,ff,ff,ea,87,1b,08,43,b1,ff,f8,9d,2e,21,74,de,ff,f9,e1,89,2f,33,b6,f9,ff,ff,d4,53,00,9e,fb,ff,d5,b7,e3,fb,ff,ff,ff,ff,de,ac,64,48,78,d0,ff,83,2c,64,e7,ff,ff,ff,ff,ff,ff,ff,ff,ff,ff
ff,ff,ff,ff,ff,ff,ff,ff,ff,ff,ff,ff,ff,ff,ff,ff,d9,6f,07,01,1b,1b,0b,38,4f,62,98,d6,f7,ff,e9,88,36,10,02,00,06,0a,03,00,15,52,af,bd,96,74,6c,60,93,dc,ff,fb,ff,ff,ff,ff,ff,ff,fc,fc,fc,fe,ff,ff,f7,fd,ff,ff,ff,ff,ff,fd,f9,fa,dd,5d,07,00,73,f7,f2,60,12,53,c5,ff,f1,ca,79,3a,38,80,e9,fe,ff,ff,da,62,0b,7e,e4,ff,ff,ff,fe,ff,ff,fb,f6,e5,9d,42,33,77,d8,ff,ff,b1,3f,39,b8,ff,ff,ff,ff,ff,ff,ff,ff,ff,ff
ff,ff,ff,ff,ff,ff,ff,ff,ff,ff,ff,ff,ff,ff,ff,ff,e5,80,09,00,1b,2b,40,9d,c9,d2,eb,ff,ff,ff,ce,65,15,00,01,13,31,33,1c,03,00,01,2b,2c,19,10,0f,00,2a,a8,ff,ff,ff,ff,ff,ff,ff,fd,e1,d6,d5,e3,f6,ff,ff,ff,ff,ff,fe,ff,ff,df,c4,b3,91,47,09,00,5f,ea,e6,44,21,89,e6,de,8f,66,37,44,7e,c3,fe,ff,ff,ff,ea,8a,00,72,e1,ff,fb,f1,ff,ff,f4,df,b6,70,31,31,6c,bd,f7,ff,ff,d0,5a,30,95,ff,ff,ff,ff,ff,ff,ff,ff,ff,ff
ff,ff,ff,ff,ff,ff,ff,ff,ff,ff,ff,ff,ff,ff,ff,ff,f0,9c,13,00,03,12,4f,d0,f7,fc,fe,ff,ff,ff,f3,91,33,0a,0c,19,2d,28,0e,00,04,00,10,1e,2a,34,21,00,14,8d,f9,ff,ff,ff,ff,ff,ff,fb,c2,4d,2a,45,7d,c1,e7,e7,d9,cf,c1,90,79,61,56,5a,61,5b,37,00,51,de,e2,3a,0e,69,a7,7f,32,31,5e,a4,df,fb,ff,ff,ff,ff,fc,b3,00,53,c9,ff,ff,ff,ff,e1,b0,76,43,2d,3e,8a,d6,fd,fe,fb,fd,f4,87,34,6c,e7,fe,ff,ff,ff,ff,ff,ff,ff,ff
ff,ff,ff,ff,ff,ff,ff,ff,ff,ff,ff,ff,ff,ff,ff,ff,f5,b0,1b,00,00,07,47,d8,fe,ff,ff,ff,ff,ff,ff,d3,9d,79,6b,60,68,68,53,31,12,1b,50,85,ad,b3,70,15,18,89,f3,ff,ff,ff,f7,ed,f3,ff,cf,3a,00,00,1c,49,6d,6b,5b,52,52,49,3c,48,5f,7c,a0,c7,9e,2a,44,c8,f3,5c,0c,28,46,3b,38,74,c2,f0,ff,ff,ff,f8,e0,d6,e0,c1,10,21,78,d5,ff,ed,af,76,4c,35,3a,64,a6,e0,ff,ff,fa,fa,fe,ff,b7,5a,53,b5,fa,ff,ff,ff,ff,ff,ff,ff,ff
ff,ff,ff,ff,ff,ff,ff,ff,ff,ff,ff,ff,ff,ff,ff,ff,f6,b6,1c,00,00,05,3e,cd,fb,ff,ff,ff,ff,ff,ff,f9,ec,de,d3,c1,c8,c8,af,6b,0b,3c,9d,df,ff,f5,9e,18,0d,87,f9,ff,ff,ff,e4,b3,a9,e2,ed,96,4a,17,00,04,10,1b,24,31,4d,7c,7b,9a,bb,d2,e7,ff,db,3e,2d,a0,db,69,13,00,08,26,6b,c7,f3,f7,e6,d2,c4,b2,96,99,bf,d0,62,21,27,65,95,7d,44,35,3d,60,94,c4,f0,ff,fe,fa,fc,fc,ff,ff,e5,9b,5c,84,df,fd,ff,ff,ff,ff,ff,ff,ff
ff,ff,ff,ff,ff,ff,ff,ff,ff,ff,ff,ff,ff,ff,ff,ff,f7,b7,1b,00,00,02,33,be,f9,ff,ff,ff,ff,ff,ff,ff,ff,ff,ff,ff,ff,ff,d2,6e,00,59,d0,ff,ff,f5,a0,10,00,86,ff,ff,ff,ff,d1,6d,42,a0,ff,f8,bb,6a,23,00,00,31,68,8e,ae,df,df,f4,ff,ff,ff,ff,db,3a,12,64,93,4f,2a,14,0c,25,6a,aa,ae,a6,95,7e,75,70,76,98,cb,ea,cb,6d,2a,19,1f,1d,29,5f,91,c5,f0,ff,ff,fd,f8,fa,ff,ff,fc,fe,ff,d9,8f,7c,c6,f5,ff,ff,ff,ff,ff,ff,ff
ff,ff,ff,ff,ff,ff,ff,ff,ff,ff,ff,ff,ff,ff,ff,ff,f8,bf,24,00,00,00,21,ab,f7,ff,ff,ff,ff,ff,ff,ff,ff,ff,ff,ff,ff,f3,a6,36,08,80,e9,ff,ff,f4,a3,1d,0c,8a,ff,ff,ff,ff,c4,45,00,5d,f4,ff,f4,c0,69,13,1a,7d,da,ff,ff,ff,ff,ff,ff,ff,ff,ff,c2,3d,04,26,51,41,69,70,56,38,30,25,2d,3c,4c,5e,70,8c,b8,e8,ff,ff,ff,d8,97,60,46,53,8e,d1,f6,ff,ff,ff,fc,fc,fe,ff,ff,ff,f7,fa,ff,f8,d7,ac,d2,f6,ff,ff,fe,ff,ff,ff,ff
ff,ff,ff,ff,ff,ff,ff,ff,ff,ff,ff,ff,ff,ff,ff,ff,fd,d9,41,07,00,00,16,9d,f6,ff,ff,ff,ff,ff,ff,ff,ff,ff,ff,ff,ff,ee,91,24,29,ac,f3,fd,fb,fa,c9,3f,17,83,f8,ff,ff,f3,aa,3b,00,31,b1,f6,ff,f5,b2,33,26,98,eb,ff,ff,ff,ff,ff,ff,ff,ff,fa,af,4d,08,18,74,97,e8,ff,ee,c4,91,61,55,68,8d,b4,d3,f0,fc,ff,fb,f5,ff,fe,fe,f2,e7,ed,fc,fe,fd,fe,ff,fc,fa,fe,ff,fd,fa,fd,ff,fd,fe,ff,fc,f0,f5,fd,ff,ff,fe,ff,ff,ff,ff
ff,ff,ff,ff,ff,ff,ff,ff,ff,ff,ff,ff,ff,ff,ff,ff,ff,f4,5a,0f,03,00,13,90,f3,ff,ff,ff,ff,ff,ff,ff,ff,ff,ff,ff,ff,e5,7c,15,3b,c8,fa,fd,fa,ff,f2,4c,00,68,ee,ff,e7,9f,5a,17,00,09,59,d1,ff,ff,c8,34,1d,a2,f3,ff,fe,f8,fe,ff,ff,ff,fd,d8,6a,17,10,64,dd,ee,ff,ff,ff,f9,ef,e6,e4,e7,ee,f5,fa,ff,fc,f8,f9,fd,ff,ff,ff,ff,ff,ff,ff,ff,ff,ff,ff,fe,fe,ff,ff,ff,fe,ff,fd,fe,fe,fe,ff,fe,fe,ff,ff,ff,ff,ff,ff,ff,ff
ff,ff,ff,ff,ff,ff,ff,ff,ff,ff,ff,fe,ff,ff,ff,ff,ff,fd,b5,5a,14,00,0e,6f,f0,ff,fd,fc,ff,ff,f9,fd,ff,fd,f7,ff,fe,b8,55,29,71,e2,fe,ff,fd,ff,fe,96,19,2c,8a,af,86,3b,39,53,54,27,0d,7f,df,ee,9d,20,36,b5,f8,ff,f8,fc,ff,fb,fd,ff,e2,6e,2d,00,16,81,ff,ff,ff,ff,ff,ff,ff,ff,ff,ff,ff,ff,ff,ff,fd,fb,fd,ff,ff,ff,ff,ff,ff,ff,ff,ff,ff,ff,ff,ff,ff,ff,ff,ff,ff,ff,fe,ff,ff,fe,ff,ff,ff,ff,ff,ff,ff,ff,ff,ff,ff
ff,ff,ff,ff,ff,ff,ff,ff,ff,ff,ff,fe,ff,ff,ff,fe,fe,ff,f8,bb,58,0a,03,3f,cd,fc,ff,fc,ff,ff,fa,fc,ff,fd,f8,ff,e3,83,32,3e,ae,f5,ff,ff,ff,ff,ff,dc,68,18,19,47,3e,32,72,bb,c5,75,1c,2a,77,8d,50,19,65,d4,ff,fd,f8,ff,ff,fb,ff,f2,b0,3b,38,10,19,80,ff,ff,ff,ff,ff,ff,ff,ff,ff,ff,ff,ff,ff,ff,ff,ff,ff,ff,ff,ff,ff,ff,ff,ff,ff,ff,ff,ff,ff,ff,ff,ff,ff,ff,ff,ff,ff,ff,ff,ff,ff,ff,ff,ff,ff,ff,ff,ff,ff,ff,ff
ff,ff,ff,ff,ff,ff,ff,ff,ff,ff,ff,ff,ff,fe,ff,fc,fa,fd,ff,fc,b8,53,0b,19,97,ec,ff,ff,ff,ff,ff,fb,fc,ff,ff,ff,c6,6b,35,5d,df,fe,ff,ff,ff,ff,ff,f9,c4,61,25,41,5e,91,d3,ff,fe,ca,80,1e,1f,2d,25,3e,a2,f1,ff,fe,fd,ff,ff,ff,fd,cc,76,57,85,39,1a,78,ff,ff,ff,ff,ff,ff,ff,ff,ff,ff,ff,ff,ff,ff,ff,ff,ff,ff,ff,ff,ff,ff,ff,ff,ff,ff,ff,ff,ff,ff,ff,ff,ff,ff,ff,ff,ff,ff,ff,ff,ff,ff,ff,ff,ff,ff,ff,ff,ff,ff,ff
ff,ff,ff,ff,ff,ff,ff,ff,ff,ff,ff,ff,ff,fc,fc,fb,f6,f6,fe,ff,f5,b0,48,25,85,e6,ff,ff,ff,ff,ff,fa,fb,ff,ff,ff,cb,89,73,a5,ff,ff,ff,ff,ff,ff,ff,ff,f9,ea,d8,cc,da,fd,ff,ff,ff,ff,e3,83,5a,4e,58,95,e5,fd,fe,fc,ff,ff,fe,ff,e6,94,46,80,d7,65,1d,6d,ff,ff,ff,ff,ff,ff,ff,ff,ff,ff,ff,ff,ff,ff,ff,ff,ff,ff,ff,ff,ff,ff,ff,ff,ff,ff,ff,ff,ff,ff,ff,ff,ff,ff,ff,ff,ff,ff,ff,ff,ff,ff,ff,ff,ff,ff,ff,ff,ff,ff,ff
ff,ff,ff,ff,ff,ff,ff,ff,ff,ff,ff,fe,fd,fc,fe,ff,fe,fd,fa,fe,ff,e7,a8,7b,b0,ee,ff,ff,ff,ff,ff,ff,ff,ff,ff,ff,f4,d8,d6,ef,ff,ff,ff,ff,ff,ff,ff,ff,ff,fe,fd,fc,fd,ff,ff,ff,ff,ff,fe,fa,e2,cb,cf,f2,fd,fb,f4,f6,ff,ff,ff,ff,cd,68,3e,b6,ff,7f,21,5d,f0,ff,ff,ff,ff,ff,ff,ff,ff,ff,ff,ff,ff,ff,ff,ff,ff,ff,ff,ff,ff,ff,ff,ff,ff,ff,ff,ff,ff,ff,ff,ff,ff,ff,ff,ff,ff,ff,ff,ff,ff,ff,ff,ff,ff,ff,ff,ff,ff,ff,ff
ff,ff,ff,ff,ff,ff,ff,ff,ff,ff,ff,ff,ff,fe,ff,ff,ff,ff,fe,ff,ff,fd,ef,d7,e6,f9,ff,ff,ff,ff,ff,ff,ff,ff,ff,ff,fe,fa,fb,ff,ff,ff,ff,ff,ff,ff,ff,ff,ff,ff,ff,ff,ff,ff,ff,ff,ff,ff,f9,ff,ff,fa,fa,ff,ff,fb,fb,fd,ff,ff,ff,ff,ad,4a,51,e0,ff,96,2d,4b,df,fe,ff,ff,ff,ff,ff,ff,ff,ff,ff,ff,ff,ff,ff,ff,ff,ff,ff,ff,ff,ff,ff,ff,ff,ff,ff,ff,ff,ff,ff,ff,ff,ff,ff,ff,ff,ff,ff,ff,ff,ff,ff,ff,ff,ff,ff,ff,ff,ff,ff
ff,ff,ff,ff,ff,ff,ff,ff,ff,ff,ff,ff,ff,ff,fe,fc,fc,ff,fc,fe,ff,ff,ff,fd,fd,fe,ff,ff,ff,fe,ff,ff,ff,ff,ff,ff,ff,ff,ff,ff,ff,ff,ff,ff,ff,ff,ff,ff,ff,ff,ff,ff,ff,ff,ff,ff,ff,fe,fb,fe,ff,ff,ff,fe,fb,fd,ff,ff,fe,ff,ff,f3,8f,3d,6e,f7,ff,b0,3d,3b,cf,fe,ff,ff,ff,ff,ff,ff,ff,ff,ff,ff,ff,ff,ff,ff,ff,ff,ff,ff,ff,ff,ff,ff,ff,ff,ff,ff,ff,ff,ff,ff,ff,ff,ff,ff,ff,ff,ff,ff,ff,ff,ff,ff,ff,ff,ff,ff,ff,ff,ff
ff,ff,ff,ff,ff,ff,ff,ff,ff,ff,ff,ff,fe,ff,fd,fc,fc,ff,fc,fe,ff,ff,ff,ff,ff,ff,fe,fe,ff,fd,ff,ff,ff,ff,ff,ff,ff,ff,ff,ff,ff,ff,ff,ff,ff,ff,ff,ff,ff,ff,ff,ff,ff,ff,ff,ff,ff,fe,ff,ff,ff,ff,ff,fd,f9,fe,ff,fd,fb,ff,ff,e4,7e,44,8e,ff,ff,c4,49,2d,c2,fd,ff,ff,ff,ff,ff,ff,ff,ff,ff,ff,ff,ff,ff,ff,ff,ff,ff,ff,ff,ff,ff,ff,ff,ff,ff,ff,ff,ff,ff,ff,ff,ff,ff,ff,ff,ff,ff,ff,ff,ff,ff,ff,ff,ff,ff,ff,ff,ff,ff
ff,ff,ff,ff,ff,ff,ff,ff,ff,ff,ff,fe,fb,fe,ff,ff,ff,ff,ff,fe,fe,ff,ff,ff,ff,ff,fa,f8,fe,fe,ff,ff,ff,ff,ff,ff,ff,ff,ff,ff,ff,ff,ff,ff,ff,ff,ff,fe,ff,ff,ff,ff,ff,ff,ff,fe,fe,ff,fe,ff,ff,fe,ff,ff,fe,ff,ff,fc,f9,ff,ff,d7,7b,59,ac,ff,ff,cd,4f,23,b7,fd,ff,ff,ff,ff,ff,ff,ff,ff,ff,ff,ff,ff,ff,ff,ff,ff,ff,ff,ff,ff,ff,ff,ff,ff,ff,ff,ff,ff,ff,ff,ff,ff,ff,ff,ff,ff,ff,ff,ff,ff,ff,ff,ff,ff,ff,ff,ff,ff,ff
ff,ff,ff,ff,ff,ff,ff,ff,ff,ff,ff,ff,f9,fe,ff,fe,fc,ff,fe,f9,fc,ff,ff,ff,ff,ff,f3,eb,f9,ff,ff,ff,ff,ff,ff,ff,ff,ff,ff,ff,ff,ff,ff,ff,ff,ff,ff,fd,fe,ff,ff,ff,ff,ff,fc,fb,fd,ff,f9,fe,fd,fc,ff,ff,ff,ff,fe,fe,ff,ff,f5,cb,7d,6d,c4,ff,fd,cb,4c,1f,b4,fd,ff,ff,ff,ff,ff,ff,ff,ff,ff,ff,ff,ff,ff,ff,ff,ff,ff,ff,ff,ff,ff,ff,ff,ff,ff,ff,ff,ff,ff,ff,ff,ff,ff,ff,ff,ff,ff,ff,ff,ff,ff,ff,ff,ff,ff,ff,ff,ff,ff
ff,ff,ff,ff,ff,ff,ff,ff,ff,ff,ff,ff,fe,ff,ff,ff,ff,ff,ff,fe,ff,ff,ff,ff,ff,ff,fe,fd,fe,ff,ff,ff,ff,ff,ff,ff,ff,ff,ff,ff,ff,ff,ff,ff,ff,ff,ff,ff,ff,ff,ff,ff,ff,ff,ff,ff,ff,ff,fe,ff,ff,ff,ff,ff,ff,ff,ff,ff,ff,fd,ff,b2,57,64,da,ff,fb,b9,3c,25,cb,fd,ff,ff,ff,ff,ff,ff,ff,ff,ff,ff,ff,ff,ff,ff,ff,ff,ff,ff,ff,ff,ff,ff,ff,ff,ff,ff,ff,ff,ff,ff,ff,ff,ff,ff,ff,ff,ff,ff,ff,ff,ff,ff,ff,ff,ff,ff,ff,ff,ff
ff,ff,ff,ff,ff,ff,ff,ff,ff,ff,ff,ff,ff,ff,ff,ff,ff,ff,ff,ff,ff,ff,ff,ff,ff,ff,ff,ff,ff,ff,ff,ff,ff,ff,ff,ff,ff,ff,ff,ff,ff,ff,ff,ff,ff,ff,ff,ff,ff,ff,ff,ff,ff,ff,ff,ff,ff,ff,ff,ff,ff,ff,ff,ff,ff,ff,ff,ff,ff,ff,ff,9a,34,53,e2,ff,e2,82,27,3d,d4,fe,ff,ff,ff,ff,ff,ff,ff,ff,ff,ff,ff,ff,ff,ff,ff,ff,ff,ff,ff,ff,ff,ff,ff,ff,ff,ff,ff,ff,ff,ff,ff,ff,ff,ff,ff,ff,ff,ff,ff,ff,ff,ff,ff,ff,ff,ff,ff,ff,ff
ff,ff,ff,ff,ff,ff,ff,ff,ff,ff,ff,ff,ff,ff,ff,ff,ff,ff,ff,ff,ff,ff,ff,ff,ff,ff,ff,ff,ff,ff,ff,ff,ff,ff,ff,ff,ff,ff,ff,ff,ff,ff,ff,ff,ff,ff,ff,ff,ff,ff,ff,ff,ff,ff,ff,ff,ff,ff,ff,ff,ff,ff,ff,ff,ff,ff,ff,ff,ff,ff,ff,95,24,35,bc,e8,a7,46,29,70,e4,fe,ff,ff,ff,ff,ff,ff,ff,ff,ff,ff,ff,ff,ff,ff,ff,ff,ff,ff,ff,ff,ff,ff,ff,ff,ff,ff,ff,ff,ff,ff,ff,ff,ff,ff,ff,ff,ff,ff,ff,ff,ff,ff,ff,ff,ff,ff,ff,ff,ff
ff,ff,ff,ff,ff,ff,ff,ff,ff,ff,ff,ff,ff,ff,ff,ff,ff,ff,ff,ff,ff,ff,ff,ff,ff,ff,ff,ff,ff,ff,ff,ff,ff,ff,ff,ff,ff,ff,ff,ff,ff,ff,ff,ff,ff,ff,ff,ff,ff,ff,ff,ff,ff,ff,ff,ff,ff,ff,ff,ff,ff,ff,ff,ff,ff,ff,ff,ff,ff,ff,ff,ae,38,18,66,8f,58,28,50,b2,f7,ff,ff,ff,ff,ff,ff,ff,ff,ff,ff,ff,ff,ff,ff,ff,ff,ff,ff,ff,ff,ff,ff,ff,ff,ff,ff,ff,ff,ff,ff,ff,ff,ff,ff,ff,ff,ff,ff,ff,ff,ff,ff,ff,ff,ff,ff,ff,ff,ff,ff
ff,ff,ff,ff,ff,ff,ff,ff,ff,ff,ff,ff,ff,ff,ff,ff,ff,ff,ff,ff,ff,ff,ff,ff,ff,ff,ff,ff,ff,ff,ff,ff,ff,ff,ff,ff,ff,ff,ff,ff,ff,ff,ff,ff,ff,ff,ff,ff,ff,ff,ff,ff,ff,ff,ff,ff,ff,ff,ff,ff,ff,ff,ff,ff,ff,ff,ff,ff,ff,ff,ff,dc,77,21,17,29,28,44,97,eb,ff,ff,ff,ff,ff,ff,ff,ff,ff,ff,ff,ff,ff,ff,ff,ff,ff,ff,ff,ff,ff,ff,ff,ff,ff,ff,ff,ff,ff,ff,ff,ff,ff,ff,ff,ff,ff,ff,ff,ff,ff,ff,ff,ff,ff,ff,ff,ff,ff,ff,ff
ff,ff,ff,ff,ff,ff,ff,ff,ff,ff,ff,ff,ff,ff,ff,ff,ff,ff,ff,ff,ff,ff,ff,ff,ff,ff,ff,ff,ff,ff,ff,ff,ff,ff,ff,ff,ff,ff,ff,ff,ff,ff,ff,ff,ff,ff,ff,ff,ff,ff,ff,ff,ff,ff,ff,ff,ff,ff,ff,ff,ff,ff,ff,ff,ff,ff,ff,ff,fe,fc,ff,ff,cf,75,3a,3e,5e,a0,e2,ff,ff,ff,ff,ff,ff,ff,ff,ff,ff,ff,ff,ff,ff,ff,ff,ff,ff,ff,ff,ff,ff,ff,ff,ff,ff,ff,ff,ff,ff,ff,ff,ff,ff,ff,ff,ff,ff,ff,ff,ff,ff,ff,ff,ff,ff,ff,ff,ff,ff,ff,ff
ff,ff,ff,ff,ff,ff,ff,ff,ff,ff,ff,ff,ff,ff,ff,ff,ff,ff,ff,ff,ff,ff,ff,ff,ff,ff,ff,ff,ff,ff,ff,ff,ff,ff,ff,ff,ff,ff,ff,ff,ff,ff,ff,ff,ff,ff,ff,ff,ff,ff,ff,ff,ff,ff,ff,ff,ff,ff,ff,ff,ff,ff,ff,ff,ff,ff,ff,ff,ff,ff,ff,ff,fd,e1,b6,ba,d0,ee,fe,ff,ff,ff,ff,ff,ff,ff,ff,fa,fe,ff,ff,ff,ff,ff,ff,ff,ff,ff,ff,ff,ff,ff,ff,ff,ff,ff,ff,ff,ff,ff,ff,ff,ff,ff,ff,ff,ff,ff,ff,ff,ff,ff,ff,ff,ff,ff,ff,ff,ff,ff,ff
ff,ff,ff,ff,ff,ff,ff,ff,ff,ff,ff,ff,ff,ff,ff,ff,ff,ff,ff,ff,ff,ff,ff,ff,ff,ff,ff,ff,ff,ff,ff,ff,ff,ff,ff,ff,ff,ff,ff,ff,ff,ff,ff,ff,ff,ff,ff,ff,ff,ff,ff,ff,ff,ff,ff,ff,ff,ff,ff,ff,ff,ff,ff,ff,ff,ff,ff,ff,ff,ff,ff,ff,ff,ff,f4,f5,fb,ff,ff,fc,fd,ff,ff,ff,ff,ff,ff,fa,fe,ff,ff,ff,ff,ff,ff,ff,ff,ff,ff,ff,ff,ff,ff,ff,ff,ff,ff,ff,ff,ff,ff,ff,ff,ff,ff,ff,ff,ff,ff,ff,ff,ff,ff,ff,ff,ff,ff,ff,ff,ff,ff
ff,ff,ff,ff,ff,ff,ff,ff,ff,ff,ff,ff,ff,ff,ff,ff,ff,ff,ff,ff,ff,ff,ff,ff,ff,ff,ff,ff,ff,ff,ff,ff,ff,ff,ff,ff,ff,ff,ff,ff,ff,ff,ff,ff,ff,ff,ff,ff,ff,ff,ff,ff,ff,ff,ff,ff,ff,ff,ff,ff,ff,ff,ff,ff,ff,ff,ff,ff,ff,ff,ff,fd,fd,ff,ff,ff,ff,fd,fa,f9,fa,ff,ff,fe,fd,fd,ff,fd,ff,ff,ff,ff,ff,ff,ff,ff,ff,ff,ff,ff,ff,ff,ff,ff,ff,ff,ff,ff,ff,ff,ff,ff,ff,ff,ff,ff,ff,ff,ff,ff,ff,ff,ff,ff,ff,ff,ff,ff,ff,ff,ff
ff,ff,ff,ff,ff,ff,ff,ff,ff,ff,ff,ff,ff,ff,ff,ff,ff,ff,ff,ff,ff,ff,ff,ff,ff,ff,ff,ff,ff,ff,ff,ff,ff,ff,ff,ff,ff,ff,ff,ff,ff,ff,ff,ff,ff,ff,ff,ff,ff,ff,ff,ff,ff,ff,ff,ff,ff,ff,ff,ff,ff,ff,ff,ff,ff,ff,ff,ff,ff,ff,ff,fc,fd,ff,ff,ff,ff,fc,fa,fb,fc,ff,ff,fe,fc,fc,ff,ff,ff,ff,ff,ff,ff,ff,ff,ff,ff,ff,ff,ff,ff,ff,ff,ff,ff,ff,ff,ff,ff,ff,ff,ff,ff,ff,ff,ff,ff,ff,ff,ff,ff,ff,ff,ff,ff,ff,ff,ff,ff,ff,ff
ff,ff,ff,ff,ff,ff,ff,ff,ff,ff,ff,ff,ff,ff,ff,ff,ff,ff,ff,ff,ff,ff,ff,ff,ff,ff,ff,ff,ff,ff,ff,ff,ff,ff,ff,ff,ff,ff,ff,ff,ff,ff,ff,ff,ff,ff,ff,ff,ff,ff,ff,ff,ff,ff,ff,ff,ff,ff,ff,ff,ff,ff,ff,ff,ff,ff,ff,ff,ff,ff,ff,ff,ff,ff,ff,ff,ff,ff,ff,ff,ff,ff,ff,ff,ff,ff,ff,ff,ff,ff,ff,ff,ff,ff,ff,ff,ff,ff,ff,ff,ff,ff,ff,ff,ff,ff,ff,ff,ff,ff,ff,ff,ff,ff,ff,ff,ff,ff,ff,ff,ff,ff,ff,ff,ff,ff,ff,ff,ff,ff,ff
ff,ff,ff,ff,ff,ff,ff,ff,ff,ff,ff,ff,ff,ff,ff,ff,ff,ff,ff,ff,ff,ff,ff,ff,ff,ff,ff,ff,ff,ff,ff,ff,ff,ff,ff,ff,ff,ff,ff,ff,ff,ff,ff,ff,ff,ff,ff,ff,ff,ff,ff,ff,ff,ff,ff,ff,ff,ff,ff,ff,ff,ff,ff,ff,ff,ff,ff,ff,ff,ff,ff,ff,ff,ff,ff,ff,ff,ff,ff,ff,ff,ff,ff,ff,ff,ff,ff,ff,ff,ff,ff,ff,ff,ff,ff,ff,ff,ff,ff,ff,ff,ff,ff,ff,ff,ff,ff,ff,ff,ff,ff,ff,ff,ff,ff,ff,ff,ff,ff,ff,ff,ff,ff,ff,ff,ff,ff,ff,ff,ff,ff
ff,ff,ff,ff,ff,ff,ff,ff,ff,ff,ff,ff,ff,ff,ff,ff,ff,ff,ff,ff,ff,ff,ff,ff,ff,ff,ff,ff,ff,ff,ff,ff,ff,ff,ff,ff,ff,ff,ff,ff,ff,ff,ff,ff,ff,ff,ff,ff,ff,ff,ff,ff,ff,ff,ff,ff,ff,ff,ff,ff,ff,ff,ff,ff,ff,ff,ff,ff,ff,ff,ff,ff,ff,ff,ff,ff,ff,ff,ff,ff,ff,ff,ff,ff,ff,ff,ff,ff,ff,ff,ff,ff,ff,ff,ff,ff,ff,ff,ff,ff,ff,ff,ff,ff,ff,ff,ff,ff,ff,ff,ff,ff,ff,ff,ff,ff,ff,ff,ff,ff,ff,ff,ff,ff,ff,ff,ff,ff,ff,ff,ff
