-8.407048605947694542e-01,-3.021098842163680298e-01,3.566890398688213164e-03,-1.664558498128416719e+00,6.996759690516580754e-01,-8.213088113800537382e-01,-7.284896304963121016e-01,2.242214901383211556e-01,-1.832941156672499722e-04,-5.221339080842273273e-01,-1.839038754799375286e-01,-2.314897402060794196e+00
1.813939692164378670e+00,-3.178814566290615873e-01,3.566890398688044462e-03,-5.459302511509902395e-02,7.091780388169962590e-01,1.038663679861366075e-02,-1.985375015043253089e-01,-4.108807500065857904e-02,-1.832941156672460419e-04,-4.183810817845335511e-02,3.458312655986476442e-02,-5.083882975624929006e-04
-4.259622377555967176e-01,1.866132221920203393e-01,3.566890398688023212e-03,-5.633023929285113640e-01,4.052296746991845278e-01,-4.439760148984261967e-01,4.003907624468174831e-01,-6.110374361003665517e-02,-1.832941156672460690e-04,5.458060999129173974e-01,5.106637482117293292e-02,5.539550541900831182e-02
-1.101864683349765395e+00,-1.039164758478706929e+00,3.566890398688278650e-03,5.064930062482249362e-02,-1.855457441189487300e+00,-1.235223394474799674e+00,-8.271581493810321872e-02,-1.257629360451120615e+00,-1.832941156672551763e-04,3.465034230751107724e+00,-4.791200156266749666e+00,-1.863655514028990379e-01
4.317314540154129632e-01,1.167848002162081150e-01,-3.230876666361746743e+02,1.229849961240704337e+00,-6.243701668606695954e-01,5.823524730877513989e-01,2.052646717096965556e+00,-2.015002634840105333e+00,-8.578182942639111275e+01,-1.828375792434969949e+00,1.139555028824346561e+00,2.195729057172328247e+00
-1.055997500535669653e+00,1.164692839990361550e+00,3.566890398688180638e-03,4.672331350080950463e-01,-1.840445283538598154e-01,-1.235223394474788350e+00,1.084854570706588195e-01,3.141065396437733082e+00,-1.832941156672585916e-04,8.467865144048773995e-01,3.244529571050726702e+00,-5.083882975624677471e-04
-1.101888753649543196e+00,-1.039410662216181613e+00,3.566890398687902648e-03,5.004862995595265457e-02,-1.856790811742070169e+00,-1.235223394474750602e+00,4.723663434874645018e-05,7.855414080197572341e-03,-1.832941156672880548e-04,1.584876384077564190e-02,-5.722680707364441281e-03,-5.083882975623388355e-04
-6.888630946377795050e-01,2.198251626714503804e+00,3.566890398687938644e-03,1.767341934230760581e+00,-8.067438661913476361e-01,-5.024059353054841637e-01,5.700488985616634224e-02,-8.977313208281324786e-02,2.885542164889530470e-03,-2.919537341184503046e-02,7.469473438411179667e-02,-1.148937091465103283e-01
2.636243615038006416e-01,-3.740681931788480408e-01,3.566890398687853642e-03,-2.864174140933500312e-01,7.430294695186692167e-01,1.260411799861954618e+00,-3.197555879952827529e-01,-2.894188504382383745e-02,-1.832941156672458522e-04,-5.286607709068483207e-02,2.458052967465791661e-02,-8.229646745198765075e-04
5.697616399008291754e-01,-5.057819872474186296e-01,3.566890398688197118e-03,-5.146898011451331856e-01,8.223845032177401482e-01,2.399928340650323566e+00,1.837330526913828754e-01,-1.185732139773216925e-01,3.259700720085309626e+02,-1.665650096292991211e+00,2.076600427532111492e+00,1.097610334437382651e+00
-2.270489370346334967e-01,-6.991617277762959826e-02,3.566890398688182372e-03,7.628870676733067180e-01,5.597837130715270781e-01,-2.800681959673934629e-01,7.162728113869512026e-01,-2.822924110979185830e+00,-1.832941156672569382e-04,-1.683351175639568043e+00,2.325473073738612673e+00,2.833538803231341885e-01
-4.323085148306591852e-01,-4.847276683884991777e-01,3.566890398687876627e-03,-1.879013445607313093e+00,8.096996800800851934e-01,-1.626514482543126375e-02,-3.848379196389663526e-01,-1.350511582848624168e-03,-1.832941156672488880e-04,-3.049477668903328720e-01,1.858557828332999028e-03,4.086230209723767937e-02
-1.060576113837814249e+00,-1.104965903366679214e-01,3.566890398688155051e-03,-1.546816166101821155e+00,5.842326360237216631e-01,-1.235223394474797898e+00,9.766647426099457630e-02,1.328339157176492868e+00,-1.832941156672559624e-04,-3.164746933080938796e+00,4.737340888756539137e+00,-5.083882975624749029e-04
1.305251598615827291e+00,-3.593188332248751782e-01,3.566890398688225741e-03,-1.709497104551425950e-01,7.341432631461511926e-01,4.485494951572590039e-01,2.659962895862258980e-01,3.664902406206455715e-02,-1.832941156672501077e-04,-5.436403827427927632e-02,-2.943471506069063673e-02,-2.294924850232795244e+00
6.080852734387501846e-01,-2.027518183316894262e-01,3.566890398688260435e-03,-1.027887563542137644e-01,6.398146407654368151e-01,5.627670816323739889e-01,2.231544878474818194e+00,-2.318624425784195919e-01,-1.832941156672511648e-04,2.969322943732978851e-02,1.916891080809968173e-01,2.382874768887593309e+00
-1.101888753649314490e+00,-1.039410662216243342e+00,3.566890398688201454e-03,5.004862995595802527e-02,-1.856790811742252689e+00,-1.235223394474792791e+00,-6.847197432279993057e-02,-4.307634310454022675e+00,-1.832941156672563418e-04,-2.503639271537358546e+00,-2.282347176883837481e+00,-1.263047900160912396e-01
1.431818009497409783e-01,-8.615344372266339201e-01,-2.584694199308599991e+02,-2.273006884292447793e-01,1.793824276273358609e-01,2.399928340650323566e+00,-1.137685289204346528e+00,7.855414080197143864e-03,2.058757674233453372e+02,-2.031173089899264816e+00,1.243671184236320837e+00,-5.083882975624714334e-04
6.246722856592008544e-01,-8.615344372266339201e-01,-4.523241600468040247e+02,8.004367062236144026e-01,-4.636196479630684264e-01,2.399928340650323566e+00,-1.949769493784415220e+00,7.855414080197143864e-03,-4.803774016348579607e+02,1.728991912527606756e+00,-2.920975032242630220e+00,4.391966502642218551e+00
-5.435030937215151736e-01,2.001349701972262363e+00,3.566890398688191480e-03,1.576740070435401986e+00,-6.881142345430416585e-01,-1.688163288719864430e-01,-4.234926702040114899e-01,2.916040946098793718e+00,-1.832941156672584018e-04,1.729959709478782859e+00,-2.400663616717082505e+00,-5.730475366905004586e-01
-6.531250426871589854e-01,8.256428101531679831e-01,3.566890398688259134e-03,6.760173849886059738e-01,1.934677444931143589e-02,-5.750941931003729080e-01,-7.335945284571540048e-01,4.411899537894520829e-01,-1.832941156672515442e-04,5.255429883260209767e-01,-3.642907215785918806e-01,-2.311693314786862352e+00
1.166531075411927798e+00,-4.803326126042923305e-01,3.566890398687890072e-03,-8.502319459781187971e-02,8.070517432991712869e-01,1.575284560039692305e+00,2.786325817089069234e-01,-2.600548139388457469e-02,-1.832941156672431146e-04,-4.675447906841852241e-02,2.216235063193101873e-02,-6.156867046499381714e-04
8.179859589471846215e-01,-2.807202822438594758e-01,3.566890398688188878e-03,-6.696371973234227504e-02,6.867891442711305805e-01,1.617334315053853055e+00,-5.579313907997767580e-02,-1.110132889791567573e-01,-1.832941156672489964e-04,-1.111604818478477558e-01,9.216774610100678111e-02,2.257658369593036785e+00
-2.940098770442040599e-01,1.545206862196813802e+00,3.566890398688275180e-03,1.369509161403266395e+00,-4.132969257107879102e-01,1.407239553770376628e-01,1.071328042614876130e+00,-3.592385416271093312e-01,-1.832941156672535500e-04,-1.765177273974381511e-01,2.965855221929214469e-01,2.208494505996714263e+00
-1.073469465837969761e+00,2.516483132952195501e+00,3.566890398688181071e-03,1.978454838211481936e+00,-9.984722427080292562e-01,-1.235223394474785241e+00,6.718502025591620297e-02,5.062204094084016504e+00,-1.832941156672581850e-04,3.858692602574027575e+00,1.659893393415267315e+00,-5.083882975624681808e-04
-1.214465682160326965e-01,9.283821034225588908e-01,3.566890398688142040e-03,6.934615172637329517e-01,-4.167184372793049374e-02,9.649270138466774227e-02,-8.627698594309369806e-01,5.030035037113932406e-01,-1.832941156672478851e-04,4.308938752190202282e-01,-4.134856711317158595e-01,1.057794768342117456e-02
1.668406959399169054e+00,-2.850517846434092450e-01,3.566890398688096504e-03,6.004547923288566097e-02,6.893987913571895110e-01,1.437491383422202784e-01,2.123538023754355297e+00,-2.306554997844386390e-01,-1.832941156672470177e-04,-1.067651584253177105e-01,1.906951698769499548e-01,-1.278025420809230650e-01
1.202778832284790295e-01,1.061623664494984132e+00,3.566890398687907419e-03,9.048932946597743054e-01,-1.219473277331851457e-01,6.288509856301090217e-02,4.743075604440432635e-01,-3.059292902009104198e-01,-1.832941156672434398e-04,-2.797399436336032164e-01,2.526844343486582822e-01,-8.627565545140337619e-03
4.099685853276687220e-01,-3.616434252066098032e-01,3.566890398688106912e-03,-3.541652046985882540e-01,7.355437852125931153e-01,2.708975625772708784e-01,-2.293338732981348382e+00,1.323737278445981935e-01,-1.832941156672472074e-04,-1.261038354481034129e-01,-1.082656593564153974e-01,-4.302304992601548028e-02
-8.645889163447872949e-01,3.443070207521871762e+00,-9.046197849704182659e+01,3.158067760906444477e+00,-1.856790811742277558e+00,-5.081930474497921013e-01,1.095463471519701609e-01,7.855414080197145599e-03,-1.832941156684855832e-04,-4.548189777018655372e-03,-5.722680707364553171e-03,4.387391007964155931e-01
-8.964585719792633745e-01,2.873866287555126409e+00,-1.938511732255453524e+02,2.738203561997152757e+00,-1.856790811742277558e+00,-1.235223394474820990e+00,4.854661740740360831e-01,5.570715048611027953e+00,-2.058761340115766814e+02,5.370049088512301338e+00,-5.722680707364553171e-03,-5.083882975624714334e-04
5.181300868379657976e-01,-4.018601853140354452e-01,3.566890398688156785e-03,-1.804213631668874496e-01,7.597736115277702318e-01,1.408489207358214479e+00,-2.319240269599229354e+00,5.910814685421107023e-02,-1.832941156672582392e-04,-5.973466923396401895e-02,-4.793018997781159363e-02,2.340603190304852532e+00
3.622481558688469550e-01,2.785414981294361686e-03,3.566890398687991553e-03,-3.202920461168248800e-01,5.159824013912490681e-01,-2.044756281486301286e-02,1.126599430901808196e-01,-3.432213521426480396e-01,-1.832941156672450119e-04,-7.351284616314555098e-01,2.833950904430367346e-01,-8.207087534028821444e-04
